store_id,week_start,promo_label,holiday_week,footfall_actual,rain_mm_actual,store_floor_m2,store_size_category,average_price_eur,returns_eur_after_week,sales_eur
S01,01/01/2024,No,0,366,0,504,Large,12.13,280.49,9657.59
S01,08/01/2024,No,0,352,13.4,504,Large,12.05,465.21,9785.84
S01,15/01/2024,Yes,0,314,9.6,504,Large,13.96,535.72,11873.38
S01,22/01/2024,No,0,324,0,504,Large,13.97,482.79,10125.01
S01,29/01/2024,No,0,323,7.8,504,Large,12.05,451.27,10080.88
S01,05/02/2024,No,0,332,2.9,504,Large,12.67,506.25,10254.42
S01,12/02/2024,No,0,361,0.8,504,Large,13.77,355.06,10723.51
S01,19/02/2024,No,0,354,10.7,504,Large,13.2,542.22,11725.06
S01,26/02/2024,No,0,362,8.6,504,Large,12.39,148.56,11617.7
S01,04/03/2024,No,0,328,1.8,504,Large,12.13,390.0,11270.0
S01,11/03/2024,No,0,372,0,504,Large,13.78,198.61,10493.29
S01,18/03/2024,No,0,379,1.4,504,Large,13.9,538.34,11468.71
S01,25/03/2024,No,0,339,8.0,504,Large,13.05,126.54,11928.12
S01,01/04/2024,No,0,301,7.2,504,Large,12.19,293.48,11545.83
S01,08/04/2024,No,0,281,5.2,504,Large,13.87,385.47,10926.15
S01,15/04/2024,No,0,329,0.4,504,Large,13.25,526.08,11273.85
S01,22/04/2024,No,0,320,7.0,504,Large,13.77,121.21,11279.56
S01,29/04/2024,Yes,0,334,7.8,504,Large,12.68,306.49,13513.89
S01,06/05/2024,No,0,330,0.8,504,Large,13.16,326.33,10662.61
S01,13/05/2024,No,0,325,0.9,504,Large,12.13,136.79,10436.0
S01,20/05/2024,No,0,340,4.9,504,Large,13.55,181.94,11293.64
S01,27/05/2024,No,0,313,1.7,504,Large,13.09,160.74,9777.91
S01,03/06/2024,No,0,330,10.4,504,Large,13.09,463.35,10713.56
S01,10/06/2024,No,0,347,18.3,504,Large,12.11,299.84,10481.22
S01,17/06/2024,Yes,0,329,6.9,504,Large,12.68,210.56,12173.67
S01,24/06/2024,No,0,384,4.7,504,Large,12.13,395.86,10089.56
S01,01/07/2024,No,0,366,3.9,504,Large,12.61,429.17,10918.2
S01,08/07/2024,No,0,347,2.7,504,Large,12.04,372.41,10986.44
S01,15/07/2024,No,0,381,15.3,504,Large,12.04,383.55,8670.52
S01,22/07/2024,No,0,335,0,504,Large,13.63,433.61,9134.8
S01,29/07/2024,No,0,348,10.1,504,Large,13.21,185.29,8681.64
S01,05/08/2024,No,0,362,4.0,504,Large,12.95,423.4,8864.01
S01,12/08/2024,No,0,282,8.3,504,Large,12.84,152.07,9288.5
S01,19/08/2024,No,0,361,2.3,504,Large,13.21,99.94,9243.66
S01,26/08/2024,No,0,341,0.5,504,Large,13.31,100.24,8774.43
S01,02/09/2024,No,0,301,4.6,504,Large,12.87,195.77,7550.05
S01,09/09/2024,No,0,316,17.0,504,Large,12.22,222.86,9191.13
S01,16/09/2024,Yes,0,398,2.3,504,Large,12.97,185.89,9012.01
S01,23/09/2024,No,0,390,8.1,504,Large,13.65,114.5,8420.02
S01,30/09/2024,No,0,334,10.1,504,Large,13.54,273.43,8864.51
S01,07/10/2024,Yes,0,393,4.6,504,Large,12.81,387.2,10398.97
S01,14/10/2024,Yes,0,409,6.5,504,Large,13.95,236.23,10519.96
S01,21/10/2024,No,0,300,0,504,Large,12.25,375.41,8048.26
S01,28/10/2024,No,0,331,0,504,Large,12.54,436.2,9269.95
S01,04/11/2024,Yes,0,392,19.5,504,Large,12.17,460.72,9915.6
S01,11/11/2024,No,0,403,9.1,504,Large,12.85,180.28,9351.29
S01,18/11/2024,No,0,335,0,504,Large,12.6,253.34,8812.52
S01,25/11/2024,No,0,315,10.1,504,Large,13.23,341.25,10042.86
S01,02/12/2024,Yes,0,382,0.7,504,Large,13.9,117.02,11098.13
S01,09/12/2024,No,1,408,4.5,504,Large,13.82,219.24,11052.92
S01,16/12/2024,Yes,1,398,10.6,504,Large,12.58,375.87,11117.81
S01,23/12/2024,No,1,360,4.8,504,Large,13.71,247.67,10634.61
S01,30/12/2024,No,0,306,6.7,504,Large,13.63,266.96,10426.91
S01,06/01/2025,Yes,0,361,18.7,504,Large,12.72,247.35,13169.86
S01,13/01/2025,Yes,0,447,0,504,Large,13.75,119.18,11410.66
S01,20/01/2025,No,0,387,18.4,504,Large,12.32,164.79,10834.08
S01,27/01/2025,No,0,371,9.5,504,Large,13.13,432.01,10458.51
S01,03/02/2025,No,0,288,4.2,504,Large,12.58,217.9,10624.52
S01,10/02/2025,No,0,350,9.5,504,Large,12.45,483.24,11865.7
S01,17/02/2025,No,0,295,2.1,504,Large,13.65,550.05,11316.86
S01,24/02/2025,No,0,360,2.2,504,Large,13.24,141.11,10130.06
S01,03/03/2025,No,0,424,6.4,504,Large,12.04,553.99,11726.57
S01,10/03/2025,No,0,327,3.0,504,Large,12.52,242.43,11190.65
S01,17/03/2025,No,0,310,11.7,504,Large,13.32,382.15,11468.45
S01,24/03/2025,No,0,338,0,504,Large,12.47,391.95,11085.9
S01,31/03/2025,No,0,317,10.6,504,Large,12.94,341.1,11597.31
S01,07/04/2025,No,0,386,12.7,504,Large,12.83,497.49,10699.95
S01,14/04/2025,No,0,311,11.0,504,Large,12.99,155.78,11868.61
S01,21/04/2025,Yes,0,384,8.3,504,Large,13.63,330.18,11570.74
S01,28/04/2025,Yes,0,378,6.6,504,Large,12.69,425.84,12608.65
S01,05/05/2025,No,0,356,9.6,504,Large,13.22,228.96,10941.4
S01,12/05/2025,No,0,342,0.8,504,Large,12.66,261.72,11412.1
S01,19/05/2025,Yes,0,397,7.3,504,Large,13.86,534.16,13459.89
S01,26/05/2025,No,0,391,0.9,504,Large,12.03,188.88,10782.38
S01,02/06/2025,Yes,0,426,4.6,504,Large,12.8,605.78,12796.6
S01,09/06/2025,No,0,297,12.3,504,Large,13.43,134.35,9969.01
S01,16/06/2025,No,0,302,5.1,504,Large,12.57,455.65,10208.3
S01,23/06/2025,No,0,309,0,504,Large,12.42,216.03,9656.96
S01,30/06/2025,No,0,403,2.4,504,Large,13.77,263.47,10534.97
S01,07/07/2025,No,0,411,7.1,504,Large,12.86,329.14,9242.75
S01,14/07/2025,No,0,343,14.1,504,Large,12.83,425.92,10327.93
S01,21/07/2025,No,0,389,7.7,504,Large,13.28,164.15,9790.46
S01,28/07/2025,No,0,298,2.4,504,Large,12.41,281.87,9594.85
S01,04/08/2025,No,0,347,9.9,504,Large,12.06,184.71,8854.41
S01,11/08/2025,Yes,0,462,9.0,504,Large,12.72,157.01,9962.32
S01,18/08/2025,No,0,336,15.4,504,Large,12.06,435.55,8848.49
S01,25/08/2025,No,0,416,3.4,504,Large,12.53,255.37,10168.63
S01,01/09/2025,Yes,0,423,0,504,Large,12.9,161.73,10342.12
S01,08/09/2025,No,0,332,13.2,504,Large,13.28,408.98,10514.81
S01,15/09/2025,Yes,0,357,7.7,504,Large,13.86,111.75,10967.01
S01,22/09/2025,No,0,330,7.9,504,Large,13.77,251.08,8473.29
S01,29/09/2025,Yes,0,400,5.2,504,Large,13.89,301.17,8830.8
S01,06/10/2025,No,0,297,12.1,504,Large,12.01,403.0,8705.6
S01,13/10/2025,Yes,0,377,6.7,504,Large,12.63,175.72,9592.56
S01,20/10/2025,No,0,423,7.1,504,Large,12.79,259.28,7607.07
S01,27/10/2025,No,0,267,3.8,504,Large,12.2,246.86,9776.02
S01,03/11/2025,No,0,327,8.1,504,Large,13.14,147.25,9481.75
S01,10/11/2025,No,0,380,5.7,504,Large,12.02,264.44,7720.21
S01,17/11/2025,No,0,330,5.6,504,Large,12.01,319.53,9653.6
S01,24/11/2025,No,0,372,9.2,504,Large,13.15,267.99,8606.56
S01,01/12/2025,No,0,320,8.2,504,Large,12.19,410.98,8816.7
S01,08/12/2025,Yes,1,408,0,504,Large,13.6,313.75,12029.64
S01,15/12/2025,No,1,392,12.1,504,Large,12.42,365.36,11588.54
S01,22/12/2025,Yes,1,333,4.4,504,Large,13.02,470.28,11879.06
S01,29/12/2025,No,0,322,6.6,504,Large,13.28,369.38,9353.8
S02,01/01/2024,REGULAR,0,399,10.5,654,Large,13.87,198.49,13497.34
S02,08/01/2024,No,0,427,4.9,654,Large,13.62,270.68,12768.89
S02,15/01/2024,Yes,0,509,11.4,654,Large,12.65,712.09,16527.92
S02,22/01/2024,Yes,0,512,0.3,654,Large,12.62,635.23,16188.9
S02,29/01/2024,No,0,414,6.1,654,Large,13.66,714.84,15411.23
S02,05/02/2024,No,0,445,8.1,654,Large,12.75,247.19,14101.47
S02,12/02/2024,No,0,457,8.4,654,Large,13.85,357.2,14219.92
S02,19/02/2024,No,0,396,0.3,654,Large,12.76,323.87,13892.14
S02,26/02/2024,No,0,438,2.8,654,Large,12.24,627.49,15108.75
S02,04/03/2024,No,0,432,5.1,654,Large,13.42,488.66,15376.63
S02,11/03/2024,No,0,478,7.4,654,Large,12.96,634.61,13342.14
S02,18/03/2024,No,0,408,8.9,654,Large,12.57,261.5,15083.23
S02,25/03/2024,No,0,449,6.3,654,Large,12.15,668.71,13885.59
S02,01/04/2024,Yes,0,563,0,654,Large,13.33,239.24,17043.48
S02,08/04/2024,No,0,471,8.4,654,Large,12.82,554.05,15647.68
S02,15/04/2024,No,0,464,8.7,654,Large,12.6,422.96,15528.96
S02,22/04/2024,Yes,0,500,1.9,654,Large,13.09,511.89,16189.08
S02,29/04/2024,No,0,469,0,654,Large,12.83,353.77,15793.14
S02,06/05/2024,No,0,429,5.2,654,Large,12.11,529.4,14579.98
S02,13/05/2024,No,0,468,16.4,654,Large,12.16,460.57,14764.51
S02,20/05/2024,No,0,491,1.3,654,Large,13.8,618.54,12998.75
S02,20/05/2024,No,0,491,1.3,654,Large,13.8,618.54,12998.75
S02,27/05/2024,No,0,407,8.8,654,Large,12.96,552.74,14279.91
S02,03/06/2024,No,0,451,7.2,654,Large,12.77,209.54,13164.03
S02,10/06/2024,No,0,400,4.6,654,Large,13.96,380.06,13275.87
S02,17/06/2024,Yes,0,577,3.0,654,Large,13.99,507.87,14456.85
S02,24/06/2024,No,0,437,3.1,654,Large,12.01,566.44,13307.31
S02,01/07/2024,No,0,481,16.2,654,Large,13.65,346.15,13425.24
S02,08/07/2024,Yes,0,549,14.2,654,Large,13.79,542.43,13783.63
S02,15/07/2024,No,0,470,1.9,654,Large,12.61,258.75,11981.63
S02,22/07/2024,Yes,0,508,0,654,Large,12.72,439.21,14746.55
S02,29/07/2024,No,0,505,4.3,654,Large,12.37,382.17,12989.34
S02,05/08/2024,No,0,421,0,654,Large,13.25,167.58,11413.5
S02,12/08/2024,No,0,437,7.8,654,Large,13.14,549.47,11170.82
S02,19/08/2024,Yes,0,451,2.1,654,Large,13.95,260.89,11853.94
S02,26/08/2024,No,0,408,8.7,654,Large,12.63,142.98,11628.95
S02,02/09/2024,Yes,0,480,11.4,654,Large,12.21,573.25,12849.26
S02,09/09/2024,Yes,0,459,0,654,Large,12.94,518.07,13700.46
S02,16/09/2024,promo,0,472,14.0,654,Large,12.7,590.97,12882.4
S02,23/09/2024,No,0,456,5.1,654,Large,13.06,249.35,11393.06
S02,30/09/2024,No,0,421,12.0,654,Large,13.69,505.9,11438.21
S02,07/10/2024,No,0,451,6.3,654,Large,12.65,207.93,10581.66
S02,14/10/2024,No,0,445,8.5,654,Large,12.19,219.21,10169.6
S02,21/10/2024,Yes,0,544,1.6,654,Large,13.59,390.87,11764.93
S02,28/10/2024,No,0,415,13.3,654,Large,13.03,213.97,10709.3
S02,04/11/2024,Yes,0,521,5.8,654,Large,12.28,190.97,12155.09
S02,11/11/2024,No,0,416,5.0,654,Large,12.54,520.51,13119.64
S02,18/11/2024,No,0,438,5.5,654,Large,13.37,579.24,11859.23
S02,25/11/2024,No,0,446,6.5,654,Large,13.23,154.03,12188.95
S02,02/12/2024,Yes,0,480,14.3,654,Large,12.86,579.99,15218.04
S02,09/12/2024,No,1,408,8.3,654,Large,13.11,168.07,13520.22
S02,16/12/2024,No,1,448,10.7,654,Large,12.53,578.65,13941.88
S02,23/12/2024,Yes,1,484,5.6,654,Large,13.19,231.08,15991.16
S02,30/12/2024,Yes,0,442,8.4,654,Large,13.35,505.55,15047.71
S02,06/01/2025,No,0,502,4.6,654,Large,12.39,338.5,13207.71
S02,13/01/2025,No,0,457,11.7,654,Large,13.61,636.77,13818.57
S02,20/01/2025,No,0,435,1.0,654,Large,13.34,593.99,13526.49
S02,27/01/2025,No,0,468,0,654,Large,12.45,442.16,14211.47
S02,03/02/2025,No,0,441,9.9,654,Large,13.17,505.25,14166.19
S02,10/02/2025,No,0,435,0,654,Large,12.37,407.28,14969.57
S02,17/02/2025,No,0,381,13.9,654,Large,13.64,179.79,14359.32
S02,24/02/2025,No,0,437,0,654,Large,12.31,319.35,14349.19
S02,03/03/2025,Yes,0,468,9.5,654,Large,12.53,307.63,17429.94
S02,10/03/2025,No,0,425,9.4,654,Large,12.45,334.19,14825.06
S02,17/03/2025,No,0,444,11.0,654,Large,12.02,686.73,15387.95
S02,24/03/2025,No,0,495,11.0,654,Large,12.23,157.95,14284.56
S02,31/03/2025,No,0,449,13.0,654,Large,12.81,642.33,14400.53
S02,07/04/2025,No,0,440,2.5,654,Large,12.36,277.16,14623.57
S02,14/04/2025,Yes,0,505,8.7,654,Large,12.57,408.5,17117.91
S02,21/04/2025,No,0,395,6.4,654,Large,13.4,628.93,14552.24
S02,28/04/2025,No,0,385,15.6,654,Large,12.51,471.14,14687.91
S02,05/05/2025,Yes,0,510,13.6,654,Large,13.87,521.19,15590.78
S02,12/05/2025,Yes,0,554,7.3,654,Large,13.63,252.7,17032.52
S02,19/05/2025,Yes,0,511,2.9,654,Large,13.27,777.09,16046.92
S02,26/05/2025,No,0,427,6.3,654,Large,13.57,686.21,16179.03
S02,02/06/2025,REGULAR,0,386,7.5,654,Large,13.2,235.85,12548.47
S02,09/06/2025,No,0,395,10.2,654,Large,13.26,586.65,13872.41
S02,16/06/2025,No,0,418,3.1,654,Large,13.1,306.33,13610.82
S02,23/06/2025,Yes,0,487,4.0,654,Large,13.6,467.98,12720.91
S02,30/06/2025,No,0,428,5.4,654,Large,12.13,357.88,13954.93
S02,07/07/2025,Yes,0,432,11.0,654,Large,12.18,615.6,14390.81
S02,14/07/2025,No,0,400,3.4,654,Large,12.2,383.19,12510.77
S02,21/07/2025,No,0,483,6.1,654,Large,13.46,178.14,11955.63
S02,28/07/2025,No,0,456,9.6,654,Large,12.85,296.18,12584.22
S02,04/08/2025,No,0,453,6.8,654,Large,13.28,460.76,11171.36
S02,11/08/2025,No,0,511,4.9,654,Large,13.57,457.17,12533.74
S02,18/08/2025,No,0,442,14.1,654,Large,12.46,343.42,12507.65
S02,25/08/2025,No,0,411,7.7,654,Large,12.45,547.13,12202.88
S02,01/09/2025,Yes,0,462,0,654,Large,12.56,222.91,11713.85
S02,08/09/2025,No,0,421,7.5,654,Large,13.38,434.13,11226.49
S02,15/09/2025,No,0,479,4.0,654,Large,12.27,146.48,11196.82
S02,22/09/2025,No,0,431,1.3,654,Large,12.58,221.09,9887.52
S02,29/09/2025,No,0,506,13.8,654,Large,12.13,182.19,11244.7
S02,06/10/2025,No,0,406,6.0,654,Large,12.25,513.17,10730.05
S02,13/10/2025,No,0,371,0,654,Large,12.98,412.65,9805.19
S02,20/10/2025,No,0,452,4.8,654,Large,13.51,436.32,11649.44
S02,27/10/2025,No,0,432,10.5,654,Large,13.65,377.44,10461.05
S02,03/11/2025,No,0,419,17.4,654,Large,12.1,121.59,11137.3
S02,10/11/2025,No,0,449,5.5,654,Large,12.17,598.13,12182.55
S02,17/11/2025,Yes,0,472,0,654,Large,13.48,177.55,13241.35
S02,24/11/2025,Yes,0,571,9.5,654,Large,13.55,380.47,13442.55
S02,01/12/2025,No,0,428,9.2,654,Large,13.09,499.03,12101.11
S02,08/12/2025,No,1,450,9.4,654,Large,13.57,481.44,14587.39
S02,15/12/2025,No,1,382,11.2,654,Large,12.94,528.79,14109.03
S02,22/12/2025,Yes,1,487,11.8,654,Large,12.74,435.87,15368.95
S02,29/12/2025,No,0,384,12.2,654,Large,12.94,173.52,13186.55
S03,01/01/2024,Yes,0,514,10.7,662,Large,12.83,433.46,13945.78
S03,08/01/2024,No,0,419,11.0,662,Large,13.96,377.05,12684.18
S03,15/01/2024,No,0,482,5.8,662,Large,13.71,497.77,14332.56
S03,22/01/2024,No,0,422,13.7,662,Large,13.13,443.28,13169.8
S03,29/01/2024,No,0,441,0,662,Large,13.2,241.51,14014.12
S03,05/02/2024,No,0,388,6.4,662,Large,12.44,254.77,14771.54
S03,12/02/2024,No,0,422,6.5,662,Large,12.73,181.97,13171.24
S03,19/02/2024,Yes,0,562,0,662,Large,12.76,262.23,17227.48
S03,26/02/2024,No,0,490,4.4,662,Large,13.59,208.35,14478.14
S03,04/03/2024,No,0,396,8.4,662,Large,13.34,572.48,14263.13
S03,11/03/2024,No,0,488,5.1,662,Large,13.21,469.94,15515.45
S03,18/03/2024,No,0,381,2.7,662,Large,12.8,226.93,14444.54
S03,25/03/2024,No,0,424,0,662,Large,12.61,727.24,16575.88
S03,01/04/2024,No,0,475,0,662,Large,13.51,226.95,14265.76
S03,08/04/2024,No,0,503,8.2,662,Large,12.52,708.11,15230.81
S03,15/04/2024,No,0,476,9.2,662,Large,12.2,318.74,14666.36
S03,22/04/2024,No,0,478,10.7,662,Large,12.69,693.16,15180.34
S03,29/04/2024,Yes,0,505,7.2,662,Large,12.62,661.86,17318.99
S03,06/05/2024,Yes,0,465,7.3,662,Large,12.38,398.85,16530.41
S03,13/05/2024,No,0,426,9.8,662,Large,12.65,430.02,15556.25
S03,20/05/2024,No,0,434,0.4,662,Large,12.42,412.65,14381.02
S03,27/05/2024,No,0,433,9.5,662,Large,13.16,503.33,13085.47
S03,03/06/2024,Yes,0,507,20.4,662,Large,12.79,585.41,17191.13
S03,10/06/2024,Yes,0,439,11.5,662,Large,12.28,669.8,15112.31
S03,17/06/2024,No,0,472,9.1,662,Large,12.79,197.32,15051.32
S03,24/06/2024,No,0,431,7.9,662,Large,13.43,389.4,13311.63
S03,01/07/2024,No,0,455,3.5,662,Large,12.21,192.24,14030.69
S03,08/07/2024,No,0,409,6.2,662,Large,12.56,199.21,13767.48
S03,15/07/2024,No,0,411,11.2,662,Large,12.17,281.94,12336.25
S03,22/07/2024,No,0,436,12.3,662,Large,13.59,529.22,11447.84
S03,29/07/2024,Yes,0,498,15.3,662,Large,13.82,582.44,13713.6
S03,05/08/2024,Yes,0,469,10.2,662,Large,12.88,605.83,13254.68
S03,12/08/2024,No,0,432,0,662,Large,13.11,199.32,10596.6
S03,19/08/2024,Yes,0,500,2.2,662,Large,12.74,127.27,11662.74
S03,26/08/2024,No,0,453,10.9,662,Large,12.57,256.97,11349.34
S03,02/09/2024,Yes,0,457,10.9,662,Large,13.72,268.61,13605.34
S03,09/09/2024,No,0,417,10.2,662,Large,12.07,282.13,11400.79
S03,16/09/2024,No,0,474,0,662,Large,13.94,360.45,10927.23
S03,23/09/2024,No,0,398,17.1,662,Large,13.23,496.28,11986.47
S03,30/09/2024,Yes,0,550,6.8,662,Large,13.8,326.18,11941.1
S03,07/10/2024,No,0,478,2.9,662,Large,12.94,382.35,12094.82
S03,14/10/2024,No,0,402,0.2,662,Large,12.5,409.58,11392.21
S03,21/10/2024,No,0,443,15.1,662,Large,12.51,236.45,10854.15
S03,28/10/2024,No,0,399,6.0,662,Large,14.0,410.58,12396.68
S03,04/11/2024,No,0,419,10.6,662,Large,13.37,244.89,11935.36
S03,11/11/2024,Yes,0,453,7.8,662,Large,13.34,324.66,13465.47
S03,18/11/2024,Yes,0,512,6.7,662,Large,12.65,225.39,12247.39
S03,25/11/2024,No,0,409,5.3,662,Large,13.52,570.91,11972.91
S03,02/12/2024,No,0,441,11.6,662,Large,12.66,602.63,13043.29
S03,09/12/2024,No,1,465,2.4,662,Large,12.38,438.65,14209.18
S03,16/12/2024,No,1,447,11.1,662,Large,13.29,246.43,14171.63
S03,23/12/2024,No,1,460,8.7,662,Large,13.11,446.69,15239.16
S03,30/12/2024,No,0,517,1.6,662,Large,13.06,198.71,13064.15
S03,06/01/2025,No,0,416,11.3,662,Large,13.52,597.05,13685.66
S03,13/01/2025,No,0,475,15.3,662,Large,13.54,726.32,14655.25
S03,20/01/2025,No,0,437,2.7,662,Large,13.96,446.88,13214.22
S03,27/01/2025,No,0,471,5.0,662,Large,13.61,194.12,13491.73
S03,03/02/2025,No,0,419,8.4,662,Large,12.95,574.38,15194.68
S03,10/02/2025,No,0,456,4.8,662,Large,12.09,172.87,14264.84
S03,17/02/2025,No,0,464,5.8,662,Large,12.96,641.36,15009.18
S03,24/02/2025,No,0,452,15.2,662,Large,12.25,398.74,15486.99
S03,03/03/2025,No,0,475,3.4,662,Large,12.07,712.35,82000.0
S03,10/03/2025,No,0,501,5.9,662,Large,12.46,701.85,15916.35
S03,17/03/2025,Yes,0,533,0.4,662,Large,12.65,810.25,16695.27
S03,24/03/2025,No,0,407,6.1,662,Large,13.23,535.13,15880.11
S03,31/03/2025,Yes,0,508,12.7,662,Large,13.51,738.82,17535.35
S03,07/04/2025,No,0,476,15.8,662,Large,13.49,159.09,13391.89
S03,14/04/2025,No,0,431,0,662,Large,12.08,658.58,13647.33
S03,21/04/2025,No,0,408,0.5,662,Large,12.5,146.85,13779.73
S03,28/04/2025,No,0,428,4.8,662,Large,13.38,443.77,15266.76
S03,05/05/2025,No,0,441,0.4,662,Large,13.53,243.4,14171.24
S03,12/05/2025,Yes,0,451,6.1,662,Large,13.14,231.18,16868.22
S03,19/05/2025,Yes,0,532,12.0,662,Large,13.77,687.28,17022.77
S03,26/05/2025,No,0,487,11.2,662,Large,14.0,371.9,15406.0
S03,02/06/2025,Yes,0,545,5.0,662,Large,12.91,420.69,16566.58
S03,09/06/2025,No,0,396,7.9,662,Large,12.26,356.72,14745.19
S03,16/06/2025,Yes,0,480,6.2,662,Large,12.72,379.11,13977.48
S03,23/06/2025,No,0,445,10.4,662,Large,12.59,198.75,13851.36
S03,30/06/2025,No,0,467,5.8,662,Large,12.27,237.78,12152.64
S03,07/07/2025,No,0,402,10.2,662,Large,13.45,523.97,13429.48
S03,14/07/2025,No,0,480,18.3,662,Large,13.89,611.38,12704.46
S03,21/07/2025,No,0,386,0,662,Large,13.86,496.21,12491.44
S03,28/07/2025,No,0,444,16.0,662,Large,12.82,379.33,13080.33
S03,04/08/2025,Yes,0,470,16.9,662,Large,12.53,475.57,15011.09
S03,11/08/2025,No,0,539,6.3,662,Large,13.23,249.82,11689.05
S03,18/08/2025,Yes,0,499,11.3,662,Large,13.88,353.78,13314.01
S03,25/08/2025,No,0,442,3.2,662,Large,13.6,259.05,11456.77
S03,01/09/2025,No,0,405,10.6,662,Large,12.7,339.79,11306.86
S03,08/09/2025,No,0,513,13.7,662,Large,12.67,484.69,11436.8
S03,15/09/2025,No,0,411,12.2,662,Large,13.32,262.98,12023.98
S03,22/09/2025,No,0,427,0,662,Large,12.35,181.09,12394.08
S03,29/09/2025,Yes,0,502,0,662,Large,12.46,129.14,12759.08
S03,06/10/2025,No,0,420,5.7,662,Large,12.55,334.1,12029.53
S03,13/10/2025,No,0,431,10.6,662,Large,12.39,548.75,11121.82
S03,20/10/2025,No,0,470,3.9,662,Large,13.23,272.27,10846.89
S03,27/10/2025,No,0,446,5.3,662,Large,13.22,148.36,11997.56
S03,03/11/2025,No,0,358,2.0,662,Large,12.95,262.2,11100.14
S03,10/11/2025,Yes,0,455,0.1,662,Large,13.79,186.87,13407.62
S03,17/11/2025,No,0,398,10.8,662,Large,12.69,581.18,11632.32
S03,24/11/2025,No,0,487,3.4,662,Large,13.29,471.09,12833.28
S03,01/12/2025,No,0,460,0.4,662,Large,12.78,519.81,11808.6
S03,08/12/2025,No,1,386,8.2,662,Large,13.4,720.86,15440.38
S03,15/12/2025,No,1,525,14.9,662,Large,13.28,391.32,16134.47
S03,22/12/2025,No,1,441,0.5,662,Large,13.94,611.34,15806.04
S03,29/12/2025,No,0,406,5.2,662,Large,13.15,428.12,13326.06
S04,01/01/2024,REGULAR,0,234,11.1,363,Small,13.39,169.93,7618.19
S04,08/01/2024,Yes,0,261,8.6,363,Small,13.9,193.89,8995.19
S04,15/01/2024,No,0,213,1.9,363,Small,12.51,231.51,8095.0
S04,22/01/2024,Yes,0,363,6.0,363,Small,13.0,88.69,8536.18
S04,29/01/2024,No,0,307,11.3,363,Small,13.79,179.83,7364.23
S04,05/02/2024,No,0,243,6.8,363,Small,13.99,204.04,9072.38
S04,12/02/2024,Yes,0,251,7.8,363,Small,12.48,225.3,7789.22
S04,19/02/2024,No,0,235,15.8,363,Small,12.28,382.06,8368.39
S04,26/02/2024,No,0,280,6.9,363,Small,13.28,386.23,8677.53
S04,04/03/2024,Yes,0,276,5.6,363,Small,12.64,91.24,8565.5
S04,11/03/2024,No,0,203,4.4,363,Small,12.2,178.96,7960.8
S04,18/03/2024,No,0,254,22.2,363,Small,13.76,247.61,7518.4
S04,25/03/2024,No,0,244,6.7,363,Small,13.36,186.3,7439.34
S04,01/04/2024,No,0,322,7.1,363,Small,13.2,169.58,8246.11
S04,08/04/2024,No,0,254,5.9,363,Small,12.47,360.2,7571.56
S04,15/04/2024,No,0,238,1.4,363,Small,13.3,255.84,7776.28
S04,22/04/2024,Yes,0,222,12.7,363,Small,12.71,412.61,9712.91
S04,29/04/2024,Yes,0,248,0,363,Small,13.4,456.26,9540.66
S04,06/05/2024,No,0,249,11.3,363,Small,13.28,418.09,9572.99
S04,13/05/2024,No,0,198,5.6,363,Small,12.19,263.09,8076.99
S04,20/05/2024,No,0,222,12.0,363,Small,13.19,168.84,7902.44
S04,27/05/2024,No,0,242,7.0,363,Small,13.07,289.48,8123.05
S04,03/06/2024,No,0,210,5.2,363,Small,12.99,269.78,7613.07
S04,10/06/2024,No,0,197,0.2,363,Small,12.37,83.87,6107.74
S04,17/06/2024,Yes,0,311,5.6,363,Small,12.8,331.16,7811.61
S04,24/06/2024,No,0,313,3.7,363,Small,13.59,374.27,8688.13
S04,01/07/2024,No,0,224,8.4,363,Small,13.48,182.11,7555.62
S04,08/07/2024,Yes,0,258,7.1,363,Small,13.25,209.27,8868.74
S04,15/07/2024,No,0,230,10.6,363,Small,13.01,61.31,5672.07
S04,22/07/2024,No,0,243,1.5,363,Small,12.73,249.88,8282.53
S04,29/07/2024,No,0,251,9.8,363,Small,12.48,110.45,6673.86
S04,05/08/2024,Yes,0,288,3.1,363,Small,12.02,381.15,7935.77
S04,12/08/2024,No,0,225,7.2,363,Small,12.91,190.68,5863.95
S04,19/08/2024,No,0,264,1.9,363,Small,13.62,272.56,6015.51
S04,26/08/2024,No,0,218,10.4,363,Small,13.87,193.3,6521.38
S04,02/09/2024,No,0,224,4.1,363,Small,12.95,208.57,5861.0
S04,09/09/2024,No,0,201,2.4,363,Small,12.58,178.28,5818.21
S04,16/09/2024,REGULAR,0,242,12.0,363,Small,12.76,52.64,5254.62
S04,23/09/2024,No,0,249,14.8,363,Small,13.03,133.49,6037.73
S04,30/09/2024,No,0,236,1.0,363,Small,12.29,161.08,5514.81
S04,07/10/2024,Yes,0,241,9.0,363,Small,12.7,140.83,7484.63
S04,14/10/2024,No,0,250,8.0,363,Small,12.53,155.5,7246.32
S04,21/10/2024,No,0,236,3.9,363,Small,13.62,205.31,6693.22
S04,28/10/2024,No,0,247,8.3,363,Small,13.01,224.81,5561.52
S04,04/11/2024,No,0,246,5.6,363,Small,13.0,76.4,5163.15
S04,11/11/2024,No,0,154,5.7,363,Small,12.05,140.61,5901.02
S04,18/11/2024,No,0,189,3.8,363,Small,13.81,169.91,6989.26
S04,25/11/2024,No,0,251,7.7,363,Small,13.96,184.24,6831.83
S04,02/12/2024,No,0,252,6.8,363,Small,12.76,176.33,7285.12
S04,09/12/2024,No,1,228,10.1,363,Small,12.07,192.4,7739.47
S04,16/12/2024,No,1,263,12.7,363,Small,13.56,271.98,8037.88
S04,23/12/2024,No,1,219,8.2,363,Small,13.83,246.56,7719.15
S04,30/12/2024,No,0,187,15.1,363,Small,13.79,339.84,7950.23
S04,06/01/2025,No,0,285,0,363,Small,13.86,374.69,7505.25
S04,13/01/2025,No,0,281,2.0,363,Small,13.81,90.41,7164.75
S04,20/01/2025,No,0,223,6.8,363,Small,12.09,276.28,8295.9
S04,27/01/2025,No,0,265,12.1,363,Small,13.1,193.16,8296.11
S04,03/02/2025,No,0,253,3.6,363,Small,12.67,117.13,6341.73
S04,10/02/2025,Yes,0,265,4.0,363,Small,13.18,313.63,9335.39
S04,17/02/2025,No,0,195,13.8,363,Small,12.97,88.67,7650.71
S04,24/02/2025,Yes,0,247,8.1,363,Small,13.43,275.75,8970.22
S04,03/03/2025,No,0,253,8.5,363,Small,13.61,263.34,7782.25
S04,10/03/2025,No,0,256,4.4,363,Small,13.74,133.13,7663.15
S04,17/03/2025,No,0,163,10.1,363,Small,13.03,210.59,8710.58
S04,24/03/2025,No,0,282,3.3,363,Small,12.94,332.6,8736.88
S04,31/03/2025,Yes,0,341,1.6,363,Small,12.85,250.7,8591.52
S04,07/04/2025,No,0,329,13.3,363,Small,12.49,112.01,9254.78
S04,14/04/2025,No,0,239,3.9,363,Small,12.62,238.79,8601.75
S04,21/04/2025,Yes,0,277,0,363,Small,12.97,216.84,8186.74
S04,28/04/2025,Yes,0,264,6.4,363,Small,12.82,342.67,10100.18
S04,05/05/2025,No,0,228,5.8,363,Small,13.31,171.69,6530.98
S04,12/05/2025,No,0,220,0,363,Small,13.66,299.4,7872.04
S04,19/05/2025,Yes,0,268,2.8,363,Small,13.01,250.33,7649.3
S04,26/05/2025,Yes,0,253,8.6,363,Small,13.79,187.65,7269.77
S04,02/06/2025,promo,0,245,11.2,363,Small,13.73,313.18,7712.74
S04,09/06/2025,No,0,247,9.8,363,Small,12.47,142.47,7085.55
S04,16/06/2025,No,0,272,0,363,Small,12.02,338.43,7897.9
S04,23/06/2025,No,0,245,2.5,363,Small,13.58,179.47,7301.35
S04,30/06/2025,No,0,254,9.0,363,Small,12.27,271.15,5909.57
S04,07/07/2025,Yes,0,294,5.0,363,Small,12.6,94.71,5515.49
S04,14/07/2025,No,0,281,0,363,Small,12.15,108.43,7047.98
S04,21/07/2025,No,0,265,9.4,363,Small,13.76,323.31,6774.78
S04,28/07/2025,No,0,384,0.8,363,Small,13.64,150.53,6214.25
S04,04/08/2025,No,0,231,9.5,363,Small,12.18,245.39,5396.67
S04,11/08/2025,No,0,257,3.2,363,Small,12.66,97.39,5762.59
S04,18/08/2025,No,0,236,4.4,363,Small,12.46,184.3,5722.54
S04,25/08/2025,Yes,0,254,0,363,Small,13.03,231.77,5812.98
S04,01/09/2025,No,0,216,7.1,363,Small,12.72,285.1,6525.0
S04,08/09/2025,No,0,250,5.3,363,Small,13.64,254.21,6826.49
S04,15/09/2025,No,0,268,1.7,363,Small,13.17,234.76,5832.54
S04,22/09/2025,No,0,273,11.3,363,Small,12.89,301.43,6594.37
S04,29/09/2025,No,0,220,2.1,363,Small,12.72,162.61,6196.67
S04,06/10/2025,No,0,270,8.3,363,Small,12.48,185.32,5017.43
S04,13/10/2025,No,0,179,7.5,363,Small,13.06,287.66,6693.68
S04,20/10/2025,No,0,250,11.7,363,Small,12.05,90.47,6738.32
S04,27/10/2025,No,0,242,5.4,363,Small,12.84,95.79,8164.3
S04,03/11/2025,No,0,273,1.7,363,Small,12.16,74.43,6327.9
S04,10/11/2025,Yes,0,332,6.9,363,Small,13.18,215.69,6876.84
S04,17/11/2025,No,0,273,8.5,363,Small,13.11,364.99,7974.66
S04,24/11/2025,No,0,313,8.0,363,Small,13.66,61.66,6027.2
S04,01/12/2025,No,0,281,8.7,363,Small,12.78,145.25,7275.07
S04,08/12/2025,No,1,227,16.2,363,Small,12.34,210.58,8190.41
S04,15/12/2025,No,1,243,6.9,363,Small,13.48,237.79,6654.33
S04,22/12/2025,No,1,223,7.8,363,Small,13.93,115.16,6884.13
S04,29/12/2025,No,0,204,8.4,363,Small,12.92,224.94,8173.41
S05,01/01/2024,No,0,304,10.8,427,Small,13.45,89.46,8562.41
S05,08/01/2024,Yes,0,364,7.9,427,Small,13.11,160.46,8671.75
S05,15/01/2024,No,0,257,10.6,427,Small,12.19,345.27,8141.86
S05,22/01/2024,No,0,301,8.0,427,Small,13.22,456.28,10005.74
S05,29/01/2024,No,0,345,0.4,427,Small,12.89,134.99,8583.15
S05,05/02/2024,No,0,284,3.4,427,Small,12.05,368.69,8969.83
S05,12/02/2024,Yes,0,310,13.2,427,Small,12.25,142.99,11414.0
S05,19/02/2024,Yes,0,362,2.3,427,Small,13.51,504.11,10337.77
S05,26/02/2024,No,0,348,9.8,427,Small,12.1,189.13,9176.34
S05,04/03/2024,No,0,310,8.5,427,Small,13.26,521.92,10871.94
S05,11/03/2024,No,0,332,10.3,427,Small,12.16,402.2,10298.77
S05,18/03/2024,No,0,339,13.5,427,Small,12.75,267.6,8934.08
S05,25/03/2024,No,0,350,13.6,427,Small,12.76,423.76,9395.27
S05,01/04/2024,No,0,258,14.6,427,Small,12.44,220.83,9688.2
S05,08/04/2024,No,0,210,5.6,427,Small,12.7,196.27,9994.75
S05,15/04/2024,No,0,280,7.5,427,Small,13.06,230.41,9671.49
S05,22/04/2024,No,0,320,3.3,427,Small,12.32,276.03,9892.44
S05,29/04/2024,Yes,0,306,10.4,427,Small,12.25,350.56,9709.93
S05,06/05/2024,No,0,322,3.9,427,Small,13.08,276.44,10659.9
S05,13/05/2024,Yes,0,307,1.9,427,Small,12.57,393.34,10111.08
S05,20/05/2024,No,0,285,10.4,427,Small,12.52,394.75,10420.11
S05,27/05/2024,No,0,314,3.4,427,Small,13.43,303.06,9093.17
S05,03/06/2024,No,0,250,0,427,Small,12.83,107.2,9260.45
S05,10/06/2024,Yes,0,356,1.8,427,Small,12.82,161.94,9975.67
S05,17/06/2024,No,0,306,1.5,427,Small,12.48,406.78,9343.67
S05,24/06/2024,No,0,262,11.7,427,Small,13.12,409.85,9973.75
S05,01/07/2024,No,0,244,10.7,427,Small,13.75,276.76,8310.83
S05,08/07/2024,No,0,256,5.4,427,Small,12.64,299.95,9629.46
S05,15/07/2024,No,0,343,2.0,427,Small,13.94,267.29,8052.76
S05,22/07/2024,No,0,258,10.8,427,Small,12.1,159.94,7586.42
S05,29/07/2024,No,0,338,15.3,427,Small,12.2,190.42,8715.86
S05,05/08/2024,No,0,317,11.0,427,Small,12.58,217.27,8554.32
S05,12/08/2024,No,0,253,10.2,427,Small,13.03,349.28,7461.07
S05,19/08/2024,No,0,303,12.6,427,Small,13.25,345.51,8128.06
S05,26/08/2024,No,0,276,0,427,Small,12.28,242.16,7250.0
S05,02/09/2024,No,0,304,0,427,Small,13.34,262.52,8733.02
S05,09/09/2024,No,0,292,0,427,Small,13.32,192.7,7274.74
S05,16/09/2024,No,0,240,10.1,427,Small,12.1,169.87,7163.81
S05,23/09/2024,No,0,288,3.2,427,Small,13.82,100.71,7409.47
S05,30/09/2024,No,0,277,16.1,427,Small,13.6,243.54,8298.1
S05,07/10/2024,Yes,0,344,14.4,427,Small,12.7,146.56,8902.39
S05,14/10/2024,No,0,262,4.3,427,Small,13.46,183.79,6635.93
S05,21/10/2024,No,0,329,11.5,427,Small,12.38,182.21,7567.75
S05,28/10/2024,No,0,295,17.9,427,Small,13.12,87.64,7468.9
S05,04/11/2024,Yes,0,307,7.9,427,Small,12.04,300.42,9277.32
S05,11/11/2024,No,0,276,9.5,427,Small,13.31,310.74,7559.15
S05,18/11/2024,No,0,292,11.7,427,Small,12.52,103.63,6469.6
S05,25/11/2024,No,0,303,0.9,427,Small,12.31,80.15,7206.98
S05,02/12/2024,No,0,249,15.2,427,Small,12.44,77.15,6787.73
S05,09/12/2024,No,1,291,6.7,427,Small,13.15,355.77,8720.55
S05,16/12/2024,No,1,291,7.7,427,Small,12.4,237.2,9079.03
S05,23/12/2024,No,1,250,22.2,427,Small,12.64,519.26,10682.69
S05,30/12/2024,No,0,285,6.7,427,Small,13.96,305.21,8661.17
S05,06/01/2025,No,0,265,5.3,427,Small,12.76,279.86,9653.54
S05,13/01/2025,No,0,317,0.3,427,Small,13.88,481.79,10694.86
S05,20/01/2025,Yes,0,306,9.9,427,Small,12.11,436.9,9962.82
S05,27/01/2025,No,0,244,5.0,427,Small,12.85,161.42,7790.65
S05,03/02/2025,No,0,232,1.8,427,Small,13.85,307.77,8825.07
S05,10/02/2025,Yes,0,342,5.7,427,Small,13.28,348.92,10624.77
S05,17/02/2025,No,0,270,4.9,427,Small,13.5,304.06,8580.24
S05,24/02/2025,No,0,310,1.9,427,Small,13.24,251.7,8487.73
S05,03/03/2025,No,0,264,9.5,427,Small,12.41,145.92,9467.51
S05,10/03/2025,No,0,314,13.1,427,Small,13.56,223.02,9716.85
S05,17/03/2025,No,0,245,7.8,427,Small,12.08,224.16,9426.26
S05,24/03/2025,No,0,283,2.8,427,Small,13.91,524.5,10563.62
S05,31/03/2025,Yes,0,317,11.8,427,Small,13.97,129.66,10190.99
S05,07/04/2025,No,0,311,4.9,427,Small,13.18,416.58,9463.62
S05,14/04/2025,Yes,0,322,8.2,427,Small,12.43,568.13,11491.98
S05,21/04/2025,No,0,305,0.7,427,Small,12.53,288.82,10494.0
S05,28/04/2025,No,0,308,7.4,427,Small,13.89,324.37,9353.1
S05,05/05/2025,No,0,241,9.7,427,Small,13.91,335.65,9512.86
S05,12/05/2025,Yes,0,335,6.1,427,Small,12.43,240.44,10616.08
S05,19/05/2025,Yes,0,311,5.9,427,Small,12.75,330.97,9993.06
S05,26/05/2025,Yes,0,290,5.3,427,Small,13.92,292.88,11645.56
S05,02/06/2025,No,0,292,4.7,427,Small,13.62,312.43,9205.54
S05,09/06/2025,No,0,313,0,427,Small,13.71,211.52,6601.43
S05,16/06/2025,No,0,283,5.4,427,Small,12.07,362.54,7492.13
S05,23/06/2025,Yes,0,317,5.7,427,Small,12.21,132.42,10598.17
S05,30/06/2025,No,0,314,9.6,427,Small,12.79,358.49,7313.82
S05,07/07/2025,No,0,325,3.7,427,Small,12.15,129.92,7826.19
S05,14/07/2025,No,0,273,10.0,427,Small,13.0,306.95,7454.03
S05,21/07/2025,Yes,0,312,7.1,427,Small,12.62,219.9,7924.06
S05,28/07/2025,No,0,343,8.6,427,Small,13.89,306.22,7944.44
S05,04/08/2025,No,0,265,3.9,427,Small,12.23,268.23,7888.32
S05,11/08/2025,No,0,266,12.3,427,Small,12.87,344.19,7620.95
S05,18/08/2025,Yes,0,333,5.5,427,Small,13.64,259.12,7663.05
S05,25/08/2025,No,0,270,4.2,427,Small,12.55,200.42,7497.9
S05,01/09/2025,No,0,223,18.2,427,Small,13.2,328.07,6816.41
S05,08/09/2025,No,0,215,3.0,427,Small,13.24,96.22,6612.39
S05,15/09/2025,Yes,0,344,16.0,427,Small,12.73,172.44,6790.82
S05,22/09/2025,Yes,0,390,0.9,427,Small,12.39,288.48,7405.19
S05,29/09/2025,No,0,283,12.7,427,Small,13.97,271.34,6849.34
S05,06/10/2025,Yes,0,293,9.5,427,Small,13.66,307.73,7241.45
S05,13/10/2025,No,0,281,4.8,427,Small,13.43,86.62,7657.92
S05,20/10/2025,Yes,0,294,0,427,Small,13.77,364.4,7956.95
S05,27/10/2025,No,0,251,6.4,427,Small,12.77,160.68,8117.7
S05,03/11/2025,No,0,329,9.4,427,Small,12.66,253.08,6743.85
S05,10/11/2025,No,0,279,9.7,427,Small,13.31,225.16,6916.31
S05,17/11/2025,No,0,255,9.1,427,Small,13.62,107.0,9592.77
S05,24/11/2025,Yes,0,342,0,427,Small,13.55,397.54,8450.42
S05,01/12/2025,No,0,262,0,427,Small,12.43,229.6,8380.89
S05,08/12/2025,No,1,264,2.2,427,Small,13.64,407.75,8419.44
S05,15/12/2025,No,1,330,6.5,427,Small,13.22,177.55,9569.97
S05,22/12/2025,Yes,1,337,0,427,Small,13.8,264.01,9662.7
S05,29/12/2025,Yes,0,284,3.4,427,Small,12.32,242.13,9920.98
S06,01/01/2024,Yes,0,334,8.2,466,Small,13.13,171.19,11630.73
S06,08/01/2024,No,0,325,0,466,Small,13.37,175.33,9606.79
S06,15/01/2024,Yes,0,347,4.2,466,Small,13.68,477.38,10510.15
S06,22/01/2024,No,0,324,13.0,466,Small,12.45,268.82,9377.28
S06,29/01/2024,No,0,271,0,466,Small,13.8,359.45,10077.65
S06,05/02/2024,No,0,299,2.7,466,Small,13.34,117.09,9048.34
S06,12/02/2024,No,0,358,10.0,466,Small,13.26,394.9,9619.96
S06,19/02/2024,Yes,0,383,3.7,466,Small,13.14,217.79,11257.69
S06,26/02/2024,No,0,338,2.0,466,Small,13.14,135.62,10495.34
S06,04/03/2024,No,0,297,11.1,466,Small,12.45,272.9,9620.14
S06,11/03/2024,Yes,0,355,7.0,466,Small,13.0,543.55,12826.76
S06,18/03/2024,No,0,288,11.9,466,Small,12.49,167.94,10484.41
S06,25/03/2024,No,0,266,0.2,466,Small,12.99,526.16,10967.59
S06,01/04/2024,No,0,299,9.0,466,Small,12.03,460.41,9562.61
S06,08/04/2024,No,0,266,0,466,Small,12.16,421.43,10416.62
S06,15/04/2024,No,0,289,3.0,466,Small,12.59,355.48,11334.64
S06,22/04/2024,Yes,0,349,2.6,466,Small,12.0,416.56,11545.37
S06,29/04/2024,No,0,293,7.5,466,Small,13.41,458.16,11144.77
S06,06/05/2024,No,0,303,11.0,466,Small,13.06,446.52,10360.92
S06,13/05/2024,Yes,0,330,2.1,466,Small,13.12,328.69,10872.59
S06,20/05/2024,No,0,385,8.0,466,Small,13.5,406.58,9931.94
S06,27/05/2024,No,0,297,16.7,466,Small,13.18,331.44,9702.29
S06,03/06/2024,No,0,386,14.2,466,Small,12.89,178.53,8889.98
S06,10/06/2024,No,0,273,5.5,466,Small,12.76,220.8,8339.53
S06,17/06/2024,No,0,283,7.8,466,Small,13.72,193.05,9732.59
S06,24/06/2024,No,0,297,8.7,466,Small,13.77,133.92,10470.8
S06,01/07/2024,No,0,337,5.0,466,Small,13.99,188.01,9181.9
S06,08/07/2024,No,0,318,16.6,466,Small,12.91,363.36,8018.17
S06,15/07/2024,No,0,318,5.0,466,Small,13.31,252.08,8692.05
S06,22/07/2024,No,0,304,9.3,466,Small,12.71,203.44,7291.83
S06,29/07/2024,No,0,255,8.3,466,Small,13.49,347.15,7730.45
S06,05/08/2024,Yes,0,421,7.8,466,Small,12.23,197.04,10624.03
S06,12/08/2024,No,0,363,5.1,466,Small,13.98,283.05,9151.45
S06,19/08/2024,No,0,309,2.8,466,Small,13.34,247.17,8243.73
S06,26/08/2024,No,0,275,9.0,466,Small,12.91,189.82,7972.37
S06,02/09/2024,No,0,286,3.7,466,Small,13.61,233.65,7844.49
S06,09/09/2024,No,0,330,6.0,466,Small,12.92,244.09,7562.19
S06,16/09/2024,No,0,279,10.2,466,Small,12.95,250.16,8189.41
S06,23/09/2024,No,0,314,0,466,Small,13.54,216.03,7622.19
S06,30/09/2024,Yes,0,352,1.0,466,Small,12.7,220.68,8379.77
S06,07/10/2024,Yes,0,342,2.3,466,Small,13.21,387.07,10010.98
S06,14/10/2024,No,0,331,10.9,466,Small,12.64,344.27,8619.63
S06,21/10/2024,No,0,262,17.4,466,Small,12.63,129.17,8938.24
S06,28/10/2024,No,0,368,11.6,466,Small,12.59,114.79,8612.83
S06,04/11/2024,No,0,327,15.7,466,Small,13.3,188.51,7735.52
S06,11/11/2024,Yes,0,360,11.7,466,Small,13.06,150.29,8375.54
S06,18/11/2024,No,0,335,7.8,466,Small,12.7,278.33,8234.2
S06,25/11/2024,No,0,316,2.1,466,Small,13.37,314.63,8157.49
S06,02/12/2024,No,0,298,1.5,466,Small,12.21,383.42,9122.88
S06,09/12/2024,No,1,323,5.0,466,Small,13.65,267.94,9737.07
S06,16/12/2024,Yes,1,290,12.0,466,Small,13.28,469.9,10637.53
S06,23/12/2024,Yes,1,329,6.7,466,Small,13.99,371.02,10818.37
S06,30/12/2024,Yes,0,375,0,466,Small,12.29,241.82,12332.78
S06,06/01/2025,No,0,288,5.9,466,Small,12.89,218.09,9583.22
S06,13/01/2025,No,0,300,0,466,Small,12.45,329.85,9846.79
S06,20/01/2025,No,0,277,2.6,466,Small,13.04,324.7,11288.92
S06,27/01/2025,No,0,338,9.0,466,Small,13.5,517.09,10639.9
S06,03/02/2025,No,0,351,12.6,466,Small,13.77,364.13,9518.59
S06,10/02/2025,No,0,287,5.2,466,Small,13.99,133.44,9575.21
S06,17/02/2025,No,0,299,4.2,466,Small,12.75,334.84,10282.44
S06,24/02/2025,No,0,353,12.6,466,Small,12.48,535.03,11178.57
S06,03/03/2025,Yes,0,336,7.6,466,Small,12.07,458.7,12042.02
S06,10/03/2025,Yes,0,340,2.1,466,Small,13.69,339.19,12115.0
S06,17/03/2025,No,0,404,5.4,466,Small,13.75,109.27,10428.48
S06,24/03/2025,No,0,362,10.9,466,Small,13.12,296.25,10962.56
S06,31/03/2025,Yes,0,387,9.2,466,Small,12.28,129.48,10719.59
S06,07/04/2025,No,0,297,8.5,466,Small,12.88,486.18,10076.26
S06,14/04/2025,Yes,0,347,10.2,466,Small,13.35,445.39,11990.4
S06,21/04/2025,Yes,0,319,11.3,466,Small,13.37,609.16,12535.18
S06,28/04/2025,No,0,282,3.3,466,Small,13.8,343.34,10947.01
S06,05/05/2025,Yes,0,393,11.4,466,Small,13.57,343.3,12160.84
S06,12/05/2025,No,0,438,12.6,466,Small,12.4,391.5,10221.67
S06,19/05/2025,No,0,321,7.6,466,Small,13.24,393.83,9000.17
S06,26/05/2025,No,0,333,5.6,466,Small,12.96,224.95,10578.63
S06,02/06/2025,No,0,279,12.1,466,Small,13.13,283.44,9220.37
S06,09/06/2025,No,0,314,1.5,466,Small,13.87,191.62,10871.84
S06,16/06/2025,No,0,306,10.4,466,Small,13.9,142.96,10458.61
S06,23/06/2025,No,0,311,10.2,466,Small,13.07,408.13,9339.81
S06,30/06/2025,Yes,0,291,1.2,466,Small,13.94,112.17,10257.07
S06,07/07/2025,No,0,346,11.5,466,Small,12.9,232.64,8856.95
S06,14/07/2025,No,0,260,9.0,466,Small,12.39,207.93,9592.39
S06,21/07/2025,No,0,301,4.5,466,Small,13.77,350.28,7612.63
S06,28/07/2025,No,0,302,1.5,466,Small,12.06,159.79,8806.18
S06,04/08/2025,No,0,355,11.1,466,Small,12.05,409.55,8397.25
S06,11/08/2025,No,0,308,16.2,466,Small,12.6,303.04,7933.05
S06,18/08/2025,No,0,294,13.2,466,Small,13.15,314.41,8895.26
S06,25/08/2025,No,0,319,20.0,466,Small,13.67,396.2,8951.76
S06,01/09/2025,No,0,325,0,466,Small,12.94,175.94,8313.24
S06,08/09/2025,Yes,0,332,0,466,Small,13.51,164.18,8733.8
S06,15/09/2025,No,0,338,1.8,466,Small,13.52,346.33,7608.89
S06,22/09/2025,No,0,333,7.6,466,Small,12.76,205.65,8871.77
S06,29/09/2025,No,0,305,6.1,466,Small,12.6,433.23,8743.91
S06,06/10/2025,No,0,343,6.7,466,Small,13.92,297.11,7906.43
S06,13/10/2025,No,0,333,10.5,466,Small,13.58,338.77,8353.71
S06,20/10/2025,No,0,303,0,466,Small,12.7,98.02,9715.6
S06,27/10/2025,No,0,401,11.7,466,Small,12.29,109.11,8990.18
S06,03/11/2025,No,0,348,4.4,466,Small,12.83,420.39,9317.8
S06,10/11/2025,No,0,335,0.2,466,Small,13.43,97.11,8314.83
S06,17/11/2025,No,0,260,5.6,466,Small,13.03,203.47,8273.24
S06,24/11/2025,No,0,275,1.4,466,Small,12.57,393.59,8793.84
S06,01/12/2025,No,0,316,1.0,466,Small,12.73,437.26,9055.61
S06,08/12/2025,No,1,302,6.8,466,Small,13.19,454.19,10795.79
S06,15/12/2025,No,1,337,0.9,466,Small,12.64,143.58,9420.55
S06,22/12/2025,No,1,335,11.6,466,Small,13.44,377.15,10076.21
S06,29/12/2025,No,0,304,5.9,466,Small,12.65,447.1,10177.67
S07,01/01/2024,No,0,421,8.3,619,Large,13.81,187.54,13034.89
S07,08/01/2024,No,0,396,11.7,619,Large,12.87,311.07,12548.98
S07,15/01/2024,No,0,407,13.6,619,Large,13.41,501.98,12104.6
S07,22/01/2024,No,0,379,6.6,619,Large,13.88,389.47,12025.62
S07,29/01/2024,No,0,418,14.6,619,Large,13.35,523.07,12750.5
S07,05/02/2024,No,0,345,3.1,619,Large,12.69,493.68,14159.71
S07,12/02/2024,No,0,452,14.3,619,Large,13.82,221.59,13217.59
S07,19/02/2024,No,0,386,14.6,619,Large,12.86,267.52,13934.9
S07,26/02/2024,Yes,0,500,5.1,619,Large,13.62,212.48,15812.92
S07,04/03/2024,Yes,0,563,2.2,619,Large,12.61,762.07,15564.02
S07,11/03/2024,Yes,0,484,0,619,Large,12.83,657.86,15495.33
S07,18/03/2024,No,0,402,13.7,619,Large,13.59,631.9,14523.54
S07,25/03/2024,No,0,341,21.5,619,Large,12.48,522.27,14850.33
S07,01/04/2024,No,0,416,4.4,619,Large,12.24,675.39,14446.51
S07,08/04/2024,No,0,389,11.9,619,Large,13.88,355.55,13602.52
S07,15/04/2024,Yes,0,488,4.5,619,Large,13.26,604.86,14937.01
S07,22/04/2024,No,0,432,6.5,619,Large,13.68,701.5,14296.31
S07,29/04/2024,No,0,435,7.4,619,Large,13.66,489.47,14157.26
S07,06/05/2024,No,0,448,9.0,619,Large,13.07,338.6,12967.6
S07,13/05/2024,No,0,474,9.9,619,Large,12.51,366.45,12465.31
S07,20/05/2024,No,0,403,8.6,619,Large,13.53,594.55,13438.0
S07,27/05/2024,Yes,0,535,11.5,619,Large,12.53,496.26,14914.48
S07,03/06/2024,No,0,347,0,619,Large,12.78,491.36,12240.49
S07,10/06/2024,No,0,438,13.7,619,Large,13.11,342.15,12443.87
S07,17/06/2024,No,0,470,11.9,619,Large,13.7,402.57,12635.38
S07,24/06/2024,No,0,391,0.1,619,Large,12.23,451.68,12700.22
S07,01/07/2024,No,0,415,8.8,619,Large,13.19,441.07,12871.8
S07,08/07/2024,No,0,441,0,619,Large,12.52,221.81,12752.26
S07,15/07/2024,Yes,0,517,9.2,619,Large,13.29,204.11,13288.78
S07,22/07/2024,No,0,357,0,619,Large,13.7,328.31,10957.34
S07,29/07/2024,No,0,384,7.5,619,Large,13.05,119.74,10687.27
S07,05/08/2024,Yes,0,519,5.8,619,Large,13.03,478.43,11657.74
S07,12/08/2024,No,0,433,13.6,619,Large,13.1,145.85,11568.19
S07,19/08/2024,Yes,0,454,7.9,619,Large,12.12,120.57,11901.37
S07,26/08/2024,Yes,0,537,4.4,619,Large,12.86,166.81,13087.82
S07,02/09/2024,No,0,453,11.3,619,Large,13.5,196.39,10698.47
S07,09/09/2024,No,0,410,5.2,619,Large,13.44,206.44,10543.17
S07,16/09/2024,No,0,420,9.7,619,Large,12.66,326.0,11778.29
S07,23/09/2024,No,0,447,7.2,619,Large,12.44,292.42,10758.55
S07,30/09/2024,No,0,450,6.7,619,Large,13.84,325.85,10319.42
S07,07/10/2024,No,0,361,10.6,619,Large,13.37,169.8,10667.6
S07,14/10/2024,No,0,403,10.8,619,Large,12.2,395.73,11639.4
S07,21/10/2024,No,0,432,0,619,Large,13.15,401.05,10594.21
S07,28/10/2024,No,0,471,4.5,619,Large,13.63,207.87,9831.54
S07,04/11/2024,Yes,0,398,5.8,619,Large,12.65,477.77,13605.64
S07,11/11/2024,No,0,430,10.9,619,Large,13.93,483.95,11087.93
S07,18/11/2024,No,0,444,5.5,619,Large,13.22,386.11,11706.41
S07,25/11/2024,No,0,407,1.5,619,Large,12.98,520.86,11611.38
S07,02/12/2024,No,0,413,6.7,619,Large,12.63,137.94,10240.68
S07,09/12/2024,No,1,406,10.8,619,Large,13.69,493.94,14202.81
S07,16/12/2024,No,1,408,20.0,619,Large,13.91,521.44,12694.23
S07,23/12/2024,No,1,412,7.2,619,Large,13.97,492.22,13949.58
S07,30/12/2024,Yes,0,460,0,619,Large,13.82,760.2,15217.42
S07,06/01/2025,No,0,409,3.7,619,Large,13.48,280.06,12375.12
S07,13/01/2025,No,0,400,6.5,619,Large,12.08,527.98,12561.13
S07,20/01/2025,No,0,459,3.4,619,Large,12.33,495.91,12712.6
S07,27/01/2025,No,0,401,6.3,619,Large,12.59,214.77,12866.89
S07,03/02/2025,No,0,461,8.3,619,Large,12.12,376.33,13921.57
S07,10/02/2025,Yes,0,515,5.7,619,Large,13.75,318.42,15161.16
S07,17/02/2025,Yes,0,441,10.7,619,Large,13.81,180.19,14390.91
S07,24/02/2025,No,0,422,5.6,619,Large,12.02,318.94,13585.55
S07,03/03/2025,No,0,457,2.9,619,Large,12.53,279.29,13738.58
S07,10/03/2025,No,0,381,2.2,619,Large,12.57,704.14,14334.26
S07,17/03/2025,No,0,425,9.8,619,Large,13.34,145.23,14342.52
S07,24/03/2025,No,0,381,3.6,619,Large,12.31,414.11,14460.13
S07,31/03/2025,No,0,394,8.8,619,Large,13.95,443.48,15266.57
S07,07/04/2025,Yes,0,488,3.9,619,Large,13.74,222.43,14586.07
S07,14/04/2025,No,0,389,0,619,Large,12.17,589.53,12817.91
S07,21/04/2025,No,0,425,2.3,619,Large,13.25,297.49,15188.57
S07,28/04/2025,Yes,0,442,0,619,Large,12.06,266.75,13825.39
S07,05/05/2025,Yes,0,404,6.7,619,Large,12.78,419.39,14997.06
S07,12/05/2025,No,0,445,21.6,619,Large,13.49,294.47,14652.18
S07,19/05/2025,No,0,439,6.3,619,Large,12.06,644.5,14591.92
S07,26/05/2025,No,0,402,5.5,619,Large,12.79,442.92,12106.69
S07,02/06/2025,No,0,405,5.4,619,Large,13.75,598.08,12527.43
S07,09/06/2025,No,0,384,18.3,619,Large,12.93,242.36,12644.45
S07,16/06/2025,No,0,434,3.6,619,Large,12.63,279.67,11940.7
S07,23/06/2025,Yes,0,480,1.9,619,Large,13.87,233.17,14011.39
S07,30/06/2025,No,0,376,6.6,619,Large,13.11,247.85,11668.01
S07,07/07/2025,Yes,0,470,12.0,619,Large,13.9,464.05,12104.14
S07,14/07/2025,No,0,363,4.1,619,Large,13.37,291.12,12083.08
S07,21/07/2025,No,0,402,15.1,619,Large,13.25,348.63,11424.61
S07,28/07/2025,No,0,439,13.4,619,Large,13.68,186.53,10926.01
S07,04/08/2025,No,0,404,9.6,619,Large,12.89,448.83,11650.31
S07,11/08/2025,No,0,447,13.6,619,Large,12.26,258.77,10755.67
S07,18/08/2025,No,0,446,13.1,619,Large,12.37,194.46,11271.68
S07,25/08/2025,No,0,401,7.9,619,Large,12.48,108.95,10790.39
S07,01/09/2025,Yes,0,391,11.7,619,Large,12.77,239.2,9485.64
S07,08/09/2025,No,0,387,5.9,619,Large,12.85,292.46,9906.88
S07,15/09/2025,No,0,382,0,619,Large,13.86,394.54,10200.61
S07,22/09/2025,No,0,318,12.3,619,Large,12.28,188.86,10954.74
S07,29/09/2025,Yes,0,490,7.6,619,Large,13.72,377.62,12482.76
S07,06/10/2025,No,0,415,7.6,619,Large,13.58,168.85,10584.13
S07,13/10/2025,No,0,454,7.8,619,Large,12.53,365.1,10944.8
S07,20/10/2025,No,0,399,4.8,619,Large,12.13,121.85,11447.97
S07,27/10/2025,No,0,474,9.1,619,Large,13.12,259.07,10676.78
S07,03/11/2025,No,0,442,10.6,619,Large,12.33,310.07,10689.39
S07,10/11/2025,No,0,391,1.8,619,Large,13.02,342.35,11020.8
S07,17/11/2025,No,0,383,2.1,619,Large,12.71,377.12,11250.46
S07,24/11/2025,No,0,441,6.5,619,Large,13.81,432.86,10909.8
S07,01/12/2025,No,0,422,1.2,619,Large,12.96,283.34,12677.7
S07,08/12/2025,No,1,371,11.3,619,Large,13.96,641.71,13451.71
S07,15/12/2025,No,1,405,10.5,619,Large,13.56,542.8,14766.17
S07,22/12/2025,No,1,425,7.3,619,Large,12.28,140.67,13471.13
S07,29/12/2025,No,0,428,11.4,619,Large,13.22,105.99,10386.73
S08,01/01/2024,No,0,260,4.8,368,Small,12.66,93.62,6153.69
S08,08/01/2024,No,0,268,6.2,368,Small,13.77,98.93,7435.45
S08,15/01/2024,No,0,236,2.1,368,Small,12.46,166.34,7164.23
S08,22/01/2024,Yes,0,272,12.9,368,Small,12.96,315.37,9840.33
S08,29/01/2024,No,0,219,14.8,368,Small,12.12,181.19,8683.97
S08,05/02/2024,No,0,231,8.8,368,Small,13.11,164.21,6895.38
S08,12/02/2024,Yes,0,290,14.3,368,Small,13.62,317.51,8012.05
S08,19/02/2024,No,0,239,5.8,368,Small,12.38,148.0,6795.27
S08,26/02/2024,No,0,207,0,368,Small,13.88,364.43,8125.67
S08,04/03/2024,No,0,231,12.7,368,Small,12.95,265.98,8080.22
S08,11/03/2024,Yes,0,286,5.2,368,Small,13.1,191.77,7420.36
S08,18/03/2024,No,0,264,6.4,368,Small,13.19,280.1,7765.83
S08,25/03/2024,Yes,0,255,10.3,368,Small,12.96,303.46,8779.31
S08,01/04/2024,No,0,240,1.6,368,Small,13.87,386.63,8192.98
S08,08/04/2024,No,0,241,11.2,368,Small,13.89,366.25,8459.29
S08,15/04/2024,No,0,247,11.6,368,Small,13.89,203.86,8349.22
S08,22/04/2024,Yes,0,280,13.5,368,Small,12.95,185.24,9549.61
S08,29/04/2024,No,0,198,6.0,368,Small,12.33,243.72,8592.02
S08,06/05/2024,No,0,267,3.5,368,Small,12.46,419.59,8494.37
S08,13/05/2024,No,0,221,9.3,368,Small,13.86,331.55,7340.83
S08,20/05/2024,No,0,196,9.5,368,Small,13.25,388.25,9278.57
S08,27/05/2024,No,0,218,7.5,368,Small,13.05,369.89,8563.67
S08,03/06/2024,No,0,185,1.2,368,Small,12.06,391.6,8540.6
S08,10/06/2024,No,0,241,10.5,368,Small,12.59,403.76,8746.0
S08,17/06/2024,No,0,224,5.4,368,Small,12.06,208.75,8131.32
S08,24/06/2024,No,0,235,0.7,368,Small,13.93,140.13,7138.5
S08,01/07/2024,Yes,0,327,10.0,368,Small,13.83,322.39,8098.36
S08,08/07/2024,No,0,222,3.8,368,Small,13.33,180.47,7115.36
S08,15/07/2024,No,0,248,0,368,Small,12.63,115.23,8023.81
S08,22/07/2024,Yes,0,279,16.2,368,Small,12.21,333.16,7581.41
S08,29/07/2024,No,0,328,4.4,368,Small,13.95,333.3,7277.7
S08,05/08/2024,Yes,0,295,11.6,368,Small,13.87,308.52,7396.16
S08,12/08/2024,No,0,251,7.4,368,Small,13.74,295.88,6029.55
S08,19/08/2024,No,0,256,14.8,368,Small,13.33,382.65,8236.14
S08,26/08/2024,No,0,243,11.4,368,Small,13.65,288.43,6739.9
S08,02/09/2024,No,0,194,8.0,368,Small,12.31,287.39,6289.3
S08,09/09/2024,No,0,332,11.3,368,Small,13.14,98.55,7637.62
S08,16/09/2024,Yes,0,288,0,368,Small,12.75,197.07,7224.42
S08,23/09/2024,No,0,280,16.0,368,Small,13.12,202.46,5792.67
S08,30/09/2024,No,0,207,0,368,Small,12.35,156.81,9394.59
S08,07/10/2024,Yes,0,265,0.9,368,Small,12.73,129.18,6314.8
S08,14/10/2024,No,0,316,7.9,368,Small,12.08,274.85,5964.79
S08,21/10/2024,No,0,263,2.8,368,Small,13.57,276.82,6170.27
S08,28/10/2024,No,0,216,6.8,368,Small,13.36,137.96,5304.16
S08,04/11/2024,No,0,193,8.3,368,Small,13.38,154.12,7483.91
S08,11/11/2024,Yes,0,321,7.7,368,Small,12.75,89.74,6410.22
S08,18/11/2024,No,0,270,9.9,368,Small,12.91,87.41,7139.79
S08,25/11/2024,No,0,276,6.2,368,Small,12.44,248.24,7490.65
S08,02/12/2024,No,0,241,11.9,368,Small,13.13,147.59,6011.54
S08,09/12/2024,No,1,230,6.7,368,Small,13.51,169.92,6805.17
S08,16/12/2024,No,1,180,9.3,368,Small,12.4,204.54,8920.35
S08,23/12/2024,No,1,292,2.0,368,Small,12.77,362.16,7497.43
S08,30/12/2024,Yes,0,272,19.1,368,Small,12.41,108.15,7934.69
S08,06/01/2025,Yes,0,276,1.6,368,Small,13.96,103.56,9081.0
S08,13/01/2025,No,0,268,3.6,368,Small,13.91,111.98,6986.1
S08,20/01/2025,No,0,243,6.3,368,Small,12.06,91.29,8435.39
S08,27/01/2025,No,0,252,7.0,368,Small,12.36,146.28,8109.24
S08,03/02/2025,No,0,265,6.6,368,Small,12.12,286.94,9070.46
S08,10/02/2025,No,0,254,0,368,Small,13.23,112.87,7949.03
S08,17/02/2025,Yes,0,210,10.7,368,Small,13.94,315.6,8794.63
S08,24/02/2025,Yes,0,285,5.9,368,Small,12.83,264.31,9474.39
S08,03/03/2025,No,0,281,7.1,368,Small,12.79,101.26,8592.38
S08,10/03/2025,No,0,243,6.2,368,Small,13.37,247.99,9447.59
S08,17/03/2025,No,0,246,2.2,368,Small,12.98,220.18,8097.01
S08,24/03/2025,Yes,0,313,6.8,368,Small,12.91,99.32,9154.56
S08,31/03/2025,No,0,272,11.9,368,Small,13.42,258.17,7119.72
S08,07/04/2025,No,0,277,1.5,368,Small,12.58,362.46,8264.63
S08,14/04/2025,No,0,269,9.9,368,Small,13.73,304.31,7952.14
S08,21/04/2025,No,0,186,14.2,368,Small,13.11,90.64,8277.26
S08,28/04/2025,No,0,241,0.4,368,Small,13.45,330.12,9136.86
S08,05/05/2025,No,0,260,6.1,368,Small,12.61,243.15,7488.73
S08,12/05/2025,No,0,207,13.0,368,Small,13.49,248.11,7963.44
S08,19/05/2025,No,0,266,11.8,368,Small,12.75,174.56,7261.25
S08,26/05/2025,No,0,287,0,368,Small,13.04,155.43,7058.35
S08,02/06/2025,No,0,156,0,368,Small,13.54,258.02,7963.68
S08,09/06/2025,Yes,0,254,5.3,368,Small,12.4,98.8,9415.1
S08,16/06/2025,Yes,0,278,18.6,368,Small,12.97,391.38,8647.28
S08,23/06/2025,Yes,0,264,17.1,368,Small,12.71,116.89,7787.01
S08,30/06/2025,No,0,255,1.3,368,Small,13.22,244.82,7257.37
S08,07/07/2025,No,0,275,14.4,368,Small,12.95,102.31,8039.72
S08,14/07/2025,No,0,289,3.6,368,Small,13.17,240.56,6300.24
S08,21/07/2025,Yes,0,279,5.3,368,Small,12.66,165.24,7446.11
S08,28/07/2025,No,0,278,11.2,368,Small,13.68,85.03,8395.96
S08,04/08/2025,No,0,259,4.1,368,Small,13.57,248.91,6242.79
S08,11/08/2025,No,0,233,0.0,368,Small,13.93,189.36,5946.17
S08,18/08/2025,No,0,272,6.2,368,Small,12.41,296.37,7144.83
S08,25/08/2025,No,0,192,12.3,368,Small,13.86,317.3,6731.77
S08,01/09/2025,No,0,285,8.1,368,Small,12.54,121.67,6559.46
S08,08/09/2025,No,0,296,11.7,368,Small,12.86,343.76,6903.76
S08,15/09/2025,No,0,240,7.3,368,Small,13.98,106.48,7188.2
S08,22/09/2025,Yes,0,326,11.1,368,Small,12.03,224.08,7694.19
S08,29/09/2025,No,0,231,6.9,368,Small,13.3,81.48,5856.09
S08,06/10/2025,No,0,217,5.4,368,Small,13.89,163.57,5415.15
S08,13/10/2025,Yes,0,294,8.7,368,Small,13.61,253.98,5331.1
S08,20/10/2025,No,0,204,6.0,368,Small,13.29,148.0,5860.84
S08,27/10/2025,No,0,308,9.2,368,Small,13.63,206.55,6540.37
S08,03/11/2025,No,0,250,3.7,368,Small,13.46,83.98,7176.21
S08,10/11/2025,No,0,252,4.2,368,Small,13.34,102.21,5809.91
S08,17/11/2025,Yes,0,300,13.7,368,Small,12.34,85.06,7346.45
S08,24/11/2025,No,0,283,3.7,368,Small,13.26,323.92,6597.74
S08,01/12/2025,No,0,178,7.1,368,Small,12.93,187.67,6249.48
S08,08/12/2025,No,1,269,7.1,368,Small,13.69,85.38,7458.11
S08,15/12/2025,No,1,194,11.9,368,Small,12.71,208.92,6893.92
S08,22/12/2025,Yes,1,312,7.9,368,Small,13.02,245.89,10346.85
S08,29/12/2025,No,0,192,6.7,368,Small,13.47,351.0,7415.65
